{
    "status": "ok",
    "uptime": "5m 0s",
    "active_eas": 0,
    "cpu_usage": 3.6,
    "memory_usage": 68.4,
    "avg_response_time": 0.0,
    "last_minute_requests": 0,
    "last_minute_commands": 0,
    "alerts": [],
    "connections": [],
    "recent_alerts": [],
    "statistics": {
        "total_requests": 0,
        "total_commands": 0,
        "total_operations": 0,
        "success_rate": 100.0,
        "avg_cpu_usage": 23.886666666666667,
        "avg_memory_usage": 63.929999999999986,
        "avg_requests_per_minute": 0.0,
        "avg_commands_per_minute": 0.0
    },
    "performance": {
        "cpu_usage": [
            10.7,
            25.0,
            28.6,
            60.7,
            17.9,
            3.6,
            12.5,
            10.7,
            0.0,
            81.8,
            100.0,
            10.7,
            14.3,
            3.6,
            0.0,
            28.6,
            3.6,
            25.0,
            7.1,
            3.6,
            0.0,
            8.0,
            17.2,
            14.3,
            50.0,
            96.9,
            39.3,
            14.3,
            10.7,
            17.9
        ],
        "memory_usage": [
            61.3,
            61.5,
            63.8,
            64.3,
            61.7,
            61.6,
            61.8,
            61.7,
            61.7,
            63.9,
            64.7,
            61.9,
            61.8,
            62.0,
            62.0,
            62.5,
            63.0,
            63.5,
            63.0,
            63.4,
            63.1,
            64.2,
            71.1,
            67.5,
            67.6,
            66.2,
            65.5,
            65.8,
            68.0,
            67.8
        ],
        "requests_per_minute": [
            0,
            0,
            0,
            0
        ],
        "commands_per_minute": [
            0,
            0,
            0,
            0
        ],
        "response_times": []
    },
    "system_info": {
        "platform": "nt",
        "cpu_count": 4,
        "memory_total": 17058058240,
        "memory_available": 5387649024,
        "disk_usage": 52.9
    }
}