{
    "status": "ok",
    "uptime": "5m 0s",
    "active_eas": 0,
    "cpu_usage": 8.3,
    "memory_usage": 52.8,
    "avg_response_time": 0.0,
    "last_minute_requests": 0,
    "last_minute_commands": 0,
    "alerts": [],
    "connections": [],
    "recent_alerts": [],
    "statistics": {
        "total_requests": 0,
        "total_commands": 0,
        "total_operations": 0,
        "success_rate": 100.0,
        "avg_cpu_usage": 30.87666666666666,
        "avg_memory_usage": 52.113333333333344,
        "avg_requests_per_minute": 0.0,
        "avg_commands_per_minute": 0.0
    },
    "performance": {
        "cpu_usage": [
            41.9,
            3.6,
            21.4,
            17.9,
            7.1,
            0.0,
            20.0,
            21.4,
            4.2,
            32.1,
            10.7,
            21.4,
            32.1,
            31.0,
            75.9,
            28.1,
            25.0,
            17.9,
            31.0,
            50.0,
            35.7,
            42.9,
            39.3,
            80.0,
            50.0,
            53.6,
            39.3,
            32.1,
            46.4,
            14.3
        ],
        "memory_usage": [
            50.0,
            51.7,
            49.2,
            49.2,
            49.2,
            49.1,
            49.1,
            51.2,
            51.7,
            52.6,
            56.5,
            54.8,
            54.6,
            53.2,
            51.6,
            51.6,
            52.9,
            53.6,
            51.5,
            51.6,
            54.2,
            51.6,
            53.7,
            52.2,
            51.9,
            52.7,
            54.6,
            52.3,
            52.4,
            52.9
        ],
        "requests_per_minute": [
            0,
            0,
            0,
            0
        ],
        "commands_per_minute": [
            0,
            0,
            0,
            0
        ],
        "response_times": []
    },
    "system_info": {
        "platform": "nt",
        "cpu_count": 4,
        "memory_total": 17058058240,
        "memory_available": 8043012096,
        "disk_usage": 52.4
    }
}